{"CDPb8gqwbHZrC4nJxtCnzw==":"ace%20global%20trade%20gruppe-azel-global-96x74.png","jkIXCYq8lE6Aky8F/+55gQ==":"azel-220x220.png","6hp2ofr5uDa81zfyOwCiNw==":"1920x1050_yla_lakkagin-1920x1020.jpg","bpH+NsymnU5kppGD0V/T+Q==":"etusivu_pikkulaatikko_tehocrush_engl-1021x1021.jpg","x/XHqL6yPMJkjJUXndLwDA==":"etusivu_pikkulaatikko_hs-886x886.png","gfvIslrAYTVUVPbjCczJPA==":"kombucha_hero_1600x1000-2-1266x791.jpg","GFzK8F9Ej5O6kZDH9dKZZg==":"naturerally2-976x976.jpg","BeI1XA5jzovXAJY17XRCIA==":"hero_juhlamalja_1600x1000-1600x1000.jpg","RTaiI42DyRr/JFB3ffLdNQ==":"olvi-23-980x914.jpg","/eZ0zQiiLQg+FFbEK20brQ==":"hero_sandels_1600x1000-980x613.jpg","tSC5peqZGqPWYFgBLB4G9g==":"hero_ale.c_oluet_1600x1000-980x613.jpg","LaKmYLxGchrwj17mtzhzNw==":"daring_daughter_sq-980x980.jpg","IEKsLTxzdPciaAKh/4Hp+A==":"olvi_emblem-800-800x800.png","9mOXUnP/sbo6RZemC4GmOw==":"hero_olvi-oluet-1-1661x1184.jpg","BgdTxJC7MwuyHFeCy/bEeQ==":"preview-16-242x600.jpg","FYAqMcFYgraAxK+xhkzJ/g==":"beer1-696x696.png","AfYea27fsL50LkmVFeYKkQ==":"beer2-696x696.png","mv7AhNmjoxNxp+b1HK1ETA==":"beer3-696x696.png","Vb7GgbMoe0curpGYBParsg==":"background3.jpg","erWh6nwE3acj60h9LSqvwg==":"beer4-696x696.png","HSyS0/zM/7HAk+CkoqkEqw==":"beer5-696x696.png","WupfUOXrz97q5d5scMzXDw==":"beer6-696x696.png","5fvaZAGozcUfXy897IzjWg==":"beer7-696x696.png","Wj0a6Ge8wZgZbNPSeJNBNw==":"beer8-696x696.png","331AkJFbsW5QW9esvS0Xrw==":"beer9-696x696.png","9JFW/WTOmclIVkLuetK+5A==":"beer10-696x696.png","/gVYZ1r46/0CknLpPsK6hA==":"beer11-696x696.png","JaMWNrxCq2YvkD6aTYCR0Q==":"beer12-696x696.png","vmeFe7D0z7KnoqwHIFSb4Q==":"logot_sivulle_mm-4-256x128.png","MI4OdfzkMveEiud/OORWbQ==":"preview-166x600.jpg","dcG9X9D58RUadXXE6XID7g==":"beer13-696x696.png","Y0+JbtKZinYPZvMfYn5b1Q==":"hero_sandels_1600x1000-1600x1000.jpg","2wK9JygjJ2lIcQkG52+oxA==":"sandels-1-493x139.png","oRykAiO0rUD++7AmPeEwUg==":"background1.jpg","F7aFWJlTUQiM3lLIhu8jPQ==":"beer14-696x696.png","vqEgpKjrQa3N0+2XAGYNJw==":"beer15-696x696.png","PfH4NNXYy802KIjyPrLXug==":"beer16-696x696.png","fYp5Zv9CggDjIWzPw0X8iQ==":"hero_ale.c_oluet_1600x1000-1600x1000.jpg","EtV0T0R+Oda3mR1eTq3TwA==":"a.le_coq-1-486x145.png","mUKm6LO7jGt+0P+tSSn6pQ==":"beer17-696x696.png","C8RIr+PJtMeHSkn0ZmZzkw==":"beer18-696x696.png","znFXu9p2HXJO+S7vcKODGw==":"beer19-696x696.png","gZPLgINzSNLRMmHIPgjEEg==":"beer20-696x696.png","kbWH6n0i1R0UzL/t3ioiGQ==":"beer21-696x696.png","Kak0xToXsbDLMs6DgwXXFg==":"beer22-696x696.png","WqQoPd2vgSQdYy9WGRyNvg==":"beer23-696x696.png","GHtz1dCBISvR0ktQBCwVLw==":"beer24-696x696.png","HcG2CgL2VsYdluvHd5q1Hg==":"dd-1600x900.jpg","LQQipvwbkxtpzQLB+hvhJQ==":"daring-daughter-logo-slogan-eng-493x540.png","pg4V6ghSBqYGLDpVYtOTSA==":"beer25-1076x1076.png","H4pN6rC5I9Ieki5q/RUxWw==":"beer26-1076x1076.png","/y0nPbqnzMNIDvwQkxSKAg==":"daring-daughter-logo-slogan-eng-657x719.png","A2jiro4y/1XBAfVUy3NO5Q==":"hero_cid-tarha_1600x1000-1600x1000.jpg","imhxY6H4kwE+nltTQQ2ULw==":"originaldrypicnic-olvi-980x700.jpg","K4DutM6484jJa4zROQ2bDw==":"hero-sherwood_1600x1000-980x613.jpg","/cd8r0B7zl8aNfwvNT9GuQ==":"originaldrypicnic-olvi-1200x857.jpg","jFpM1rDtTxNyvMvFC4y41A==":"fizz-1-394x192.png","quF0eDeiruntNQmxdghGIg==":"cider1-696x696.png","RScSW2Ugo/2zfmUhW00T4Q==":"cider2-696x696.png","aHE7yKn2EeOJdD9wLnJCCQ==":"cider3-696x696.png","DsA5LT+/XO/q1VY1MWlQ6w==":"cider4-696x696.png","ncrARlo4cNnwgLkab11bMw==":"hero-sherwood_1600x1000-1600x1000.jpg","pVbxy8NJfJD4HbHwFxqVIQ==":"sherwood-1-461x324.png","zMKO89UwT9lnZImKbtrfXg==":"hero_a.le-avaruuskuva_1600x1000-1-1600x1000.jpg","MzjTzEumrNFYnc81rFNJrg==":"cider5-696x696.png","ZTlxgsfpp4GhE0WupHhfUA==":"cider6-696x696.png","hmq+b3NH2zK3MJ8Dw5vcgQ==":"cider7-696x696.png","HpvWPY2xcPdDwBd4Ehi1Dw==":"cider8-696x696.png","gHdQNqBbX4FJV7uZ7BE4cA==":"hs_hero_1600x1000-1600x1000.jpg","4Xi3vQ/rw07pa+Cw6xFz/w==":"hard1-1076x1076.png","T1XQ28ATKqi4derwmEZTSA==":"hard2-1076x1076.png","3OpcTojP4dIgQOz61pAuSQ==":"karpalo3-1194x1018.jpg","SkKuCjXodZNHpGTtn4JQ9g==":"olvi_valkea-658x658.png","Wf2hfMHSlA4uuo0fH0aLAg==":"long-696x696.png","1fIGDhLuerebI8gYOo8EZg==":"long2-696x696.png","jYYaia6KMQoTf/wdKegodA==":"long3-696x696.png","rtAGIdNN7cAKufLm+q4myg==":"long4-696x696.png","t0gs0YrlqWUm33V994ahMg==":"mojito-1-1600x2200.jpg","AXQr35gfUD4fJPGA4lOAVA==":"karpalo3-1185x1010.jpg","cfSosq8niiyRG3gaLbQSrg==":"hero-iis_gin_1600x1000-1185x741.jpg","GNh1+T97TDMmFDiZsGAw9A==":"hero_ale.c_lonkerot_1600x1000-1185x741.png","SSy5n3e1PxoPmMt1JTmNIg==":"hero_ale.c_lonkerot_1600x1000-1076x673.png","Nqe//5P14HT4utAmcMwSEw==":"hero-iis_gin_1600x1000-1076x673.jpg","H3SnNYRP5eBXde/YRF6U6Q==":"mm_4_hero_1600x1000-1185x741.jpg","l5JCDCzUN7AsFVomI+L07Q==":"logot_sivuille_gin-iis-256x128.png","xWd0hv37/5/AAjvDPZ31bQ==":"hero-iis_gin_1600x1000-1600x1000.jpg","J5D2ELMi9wFEcN7tUewWGw==":"long6-696x696.png","h27gsrT5knaNxVljiBFOmw==":"long7-696x696.png","vK6ZKP1Km7S1z58c4RhxMQ==":"hero_ale.c_lonkerot_1600x1000-1600x1000.png","ZfVZ0FSTszfVY2KPNFUmgQ==":"long8-696x696.png","UIJxqq0ZmuKOwjEripudvg==":"long9-696x696.png","9CBjAAQtvAZyaVsIZQtRNw==":"long10-696x696.png","ubjsf0Ah0L36qmUP1T8bsg==":"long11-696x696.png","4nRrZOzO2e0KACWNeF587Q==":"hero_a.le-avaruuskuva_1600x1000-2-1600x1000.jpg","irSYBMPWkgkL5dDWJ4e38Q==":"le.coq_-493x493.png","yod+v4F9E8FbdHNdUGe6LQ==":"cocktail1-696x696.png","Sf1XQyvfpGhVdLAfrPsiIQ==":"cocktail2-696x696.png","vF036/ynnURMnlgBEMHF+A==":"cocktail3-696x696.png","gED9yxyzEQjtCU0XIYQIAg==":"mm_4_hero_1600x1000-1600x1000.jpg","qHen5SyfMKYQ0CzalbxHJQ==":"long12-696x696.png","NOOj40Xdak6svW8v/RVGLQ==":"limutkorissa-olvi-sosiaalisen-median-toimisto-nobot-1200x857.jpg","MCwBcRCvL39mY0iNQeFukA==":"kes%C3%A4pullotcola-olvi-sosiaalisen-median-toimisto-nobot-1185x846.jpg","DtCigRwcZsXODngBVsiKgw==":"hero_kanes_1600x1000-1024x640.jpg","HB/GDbuVDHT4SABOTS5q9w==":"hero_kanes_1600x1000-1076x673.jpg","1erSiKpzKNd+DsM8CarEfQ==":"muteman_yleis_900x900-900x900.jpg","MfcWCHAU/JcHvTcI56n4PA==":"kes%C3%A4pullotcola-olvi-sosiaalisen-median-toimisto-nobot-1200x857.jpg","jJjM4VidBMmoXaxjT1VuJQ==":"olvi_valkea-493x493.png","yLdDI5qAFsQTnPYl50rU/A==":"softdrink-696x696.png","tlvXSTZLxi4MIDRHhOJ2ow==":"softdrink2-696x696.png","yf7XTleVjagfq/a/hcxjpQ==":"softdrink3-696x696.png","GKlcQ1rgm46kdeaKX0xsaw==":"softdrink4-696x696.png","RRmhlcV9m+uXJq8IFHM4zw==":"softdrink5-696x696.png","FLYBAUbZOcS0fi8xW/KiDw==":"softdrink6-696x696.png","QPSCinrWvd3mxOyxbJpwMA==":"softdrink7-696x696.png","MHcXrVXxdP9+YBTVEuRDCQ==":"softdrink8-696x696.png","Wy1ydlcQ+L65uf5RTttELA==":"hero_kanes_1600x1000-1600x1000.jpg","verKVZ/ubGICB/q0EqgBFQ==":"softdrink9-696x696.png","VW/L3FFnYgi8UMan5T7I7Q==":"softdrink10-696x696.png","Eg/Fn5Q2skCz+MF5S8mNUQ==":"softdrink11-696x696.png","4HcyLxIw5ukvcETmMwEFdg==":"softdrink12-696x696.png","gXINypSCjGEjg0M74Td3og==":"softdrink13-696x696.png","iYLfFTsT9A1EqnlpXYfzuQ==":"softdrink14-696x696.png","/02OMkU2g5c/RL+ihXhnWQ==":"softdrink15-696x696.png","0urztLUr8/TH6f05fURfQg==":"softdrink16-696x696.png","9EFRcUy3gi4ahmWt747dHQ==":"hero-mutem_yleis_1600x1000-1600x1000.jpg","FsQ0l89B/oQPgIhMFIf39A==":"softdrink17-696x696.png","h81k0NQeghnV4fNGfWYyRw==":"softdrink18-696x696.png","3Ajx4BakNFoSxnSPBk0bQw==":"hero_motoroil_1600x1000-1185x741.jpg","cTW1dLcpPwh+JoT8bImNTw==":"hero_teho_1600x1000-1076x673.jpg","l3mIKBXzVad/qlcBggfe6w==":"hero_teho2_1600x1000-1600x1000.jpg","gN3Ueg5II9H9B9SnJFdvDw==":"hero_motoroil_1600x1000-1600x1000.jpg","58XIxIHbkN/DcdUIHxsXsQ==":"energy1-696x696.png","dVbdSdfMCG+Y0xUbvZbEjQ==":"energy2-1076x1076.png","Uad5mM23Lx+D1KsooRy/Eg==":"hero_teho_1600x1000-1600x1000.jpg","0FXDnBpo89Jrv4kk2QkVMg==":"energy3-696x696.png","o4YR7YsVj0ih6HT49/spFg==":"energy4-696x696.png","lMbiFCbegUYiak2M+TyW/w==":"energy5-696x696.png","fnuY9DdqQY1GEdnIXQvrpg==":"energy6-696x696.png","SkXtjdsqZqV1DYxA6JC0Sw==":"energy7-696x696.png","DWa+/6Zv4ceijR37PauXTQ==":"hero_ts_nyrkkeily_1600x1000-1600x1000.jpg","WV6Ao7BX0DjeNknTaoTOUA==":"esport_yleis_900x900-900x900.jpg","7MfavOOeQBLgnJwfYG1sVQ==":"medium_tehosport-koripallo-kaikkituotteet-480x600.jpg","9m1azKVWPuzdlw2q7mUD+w==":"ts-patukat-nettisivut-819x1024.jpg","JuqlVUxRNCICekBW8+/Now==":"hero_e-sport2_1600x10002-1600x1000.jpg","SFlxDRy0x62wsAQIiyeqKA==":"sport-696x696.png","2P2z7nLgp8xTxer2+HlxFw==":"teho_sport-493x234.png","C92pUK1XuuqbfoJv21VFdw==":"hero_ts_1600x1000-1600x1000.jpg","rhVjHplVxHOl0swQZ/cwhA==":"sport1-696x696.png","BAPfPW9vBQRHB2xfC6DDkA==":"sport2-696x696.png","I30lTAebd0uF2Xl75bVJTw==":"sport3-696x696.png","llPTf84PN1jgmoRPCYOr7A==":"sport4-696x696.png","0N/nLZTvch82MurA2NUOAw==":"sport5-696x696.png","RJWauxBkDnALpgeeJRR7LA==":"sport6-696x696.png","Jq8oa5ODMULIBR14ONPWQg==":"sport7-696x696.png","hA0WWuoPwixEqKTu+tZl/A==":"sport8-696x696.png","eG+epE6qaAFesmoisEZCNQ==":"sport9-696x696.png","8/LkHo/QbLLTmWtPWbFDdg==":"sport10-696x696.png","0k0CW0Nuh/bp41TMtYigbg==":"sport11-696x696.png","LjtjCcZDcWcFhzwPISoQNw==":"sport12-696x696.png","9mqGyK7WKH1ga0mB+gatxA==":"sport13-696x696.png","dSQ0LBbVt/K+3EKp1OjQIg==":"mbr-1920x1246.jpg","BnSnhp+msixEa25MoMDUNA==":"montana-1185x883.jpg","TOHJIiJsOGqGKSDFrIOAOg==":"naturerally2-1080x1080.jpg","PiKfs+61BL9rhcDRORrBng==":"amritabottle2-493x589.png","qIkUmGErssFKNgC+kbTOlA==":"mbr-1920x1281.jpg","OXcpl+6qP+S1BSKG0Zks7A==":"amritabottle2-696x831.png","gokVYqE11RA71TyFCqRHCQ==":"bottle-600x600.png","4lOq0VrSgNTJXs8vEfzfgg==":"mbr-1920x1234.jpg","dRST017KRklXcYImG6do6A==":"montana3-493x493.png","m95TDmCatTXsgTxUhD0aeQ==":"montanalogo-823x823.png","sf+ORWGWkwf++F4hyPomPw==":"montanalogo-1080x1080.png","Y5mfnI6hcf32SW86X/ikkg==":"water1-696x696.png","2gfTMH02Had+MoAdrps0Ag==":"water2-696x696.png","NUcV0otnuNs4wz0Pt0ZOYg==":"162666302_4290693610962245_1285839695915343740_o-1076x1435.jpg","8oYuVhF9JyC5TwuOFQP5EA==":"2-1076x1346.jpg","J/BrQ3xaPlX1ie/Sz5q+qQ==":"3-1076x1614.jpg","OJQp3dZfKZ1aYHNBZ7Ma0A==":"4-640x640.jpg","fgowuipnKzSq5kiBri8jEQ==":"5-640x640.jpg","v9UUVt2PmvrPlu6B7cfRjQ==":"6-640x640.jpg","K1vD5sptL/cYN/JWGbPlUg==":"7-1185x1481.jpg","RiXe9iH3B71GjJTn0cxYbQ==":"162666302_4290693610962245_1285839695915343740_o-1200x1600.jpg","4SGyHEbyo/x/mDNBtpwFvw==":"volfas-493x419.png","W3fH/Bw4ivXvdjSQ0IXGFg==":"beer27-696x696.png","QGKRebuApvynARvEafG2+g==":"beer28-696x696.png","rLM6bbSxcrr9fdFjI7RQOQ==":"beer29-696x696.png","12hBkBLcgNECrwOzTlhFrg==":"beer30-696x696.png","PY9jDfRCuG2rSDqN/avtTA==":"beer31-696x696.png","bs81BpBlDI/YFeMQ3OaxSA==":"beer32-696x696.png","tehup/iNKsW3odPIU4QboA==":"beer33-280x621.png","ZUmGtXLmRlOJ7IJ024JQcw==":"beer33-696x696.png","QJY5rPzCbAkxeFp3d2pNpg==":"beer34-696x696.png","puJBkv4gxf42W3FFTyS7wQ==":"beer35-696x696.png","yTnHCPiOewGVRM7bCqFrLA==":"beer36-696x696.png","o8bqzDkk+w+enNCm/xg0Fg==":"beer37-696x696.png","7J+NLUUlyVOegEJ2hZ+n3w==":"beer38-696x696.png","LlSsxbGeYI2l3cX309mO+A==":"beer39-696x696.png","lo4+2XaPdXaJiBheexIBFw==":"beer40-696x696.png","XcEU2bjSt996XGuZtA4cRQ==":"beer41-696x696.png","Po0e5dZ82lO7h6cJbr+09g==":"beer42-696x696.png","8mRGSE5u39XU4xp/IIKJig==":"2-1080x1351.jpg","C5dymeXMJfL7PpLwgUDc+Q==":"volfas3-269x354.png","/3bcXNyfZFdmgcYf1Ya5Qw==":"beer43-696x696.png","RtO+WSWJIR3bKGCSKuKHHQ==":"beer44-696x696.png","J5o5aPTjhPlkPL1w/Tt3sw==":"beer45-696x696.png","DFZGH6Bh2g0OgugerVaguw==":"beer46-696x696.png","X4o4qlBIIsDjBoE4b4EkXA==":"beer47-696x696.png","ej3zmMzWN0eYJLOGApJFrg==":"3-1365x2048.jpg","5bso5SxPYNEmdCEb7smnqw==":"volfas4-280x279.png","gV+Dn72D4FzPHJSg09eF3A==":"beer48-696x696.png","vHBNDAnov8T4ScKS9zCy9Q==":"beer49-696x696.png","GSyXR7M/615B8DSBOrsoPQ==":"beer50-696x696.png","z/w//E8WSkLAHt5foIpt+A==":"beer51-696x696.png","l+4oG6hL8Jpu9p64hb6Y2w==":"4-1-640x640.jpg","gZ/uk28CKqopfnE4BMFboQ==":"1410-280x172.png","hg8dMecx8siUuzWw1UgJaA==":"beer52-696x696.png","c3sQdQUtMp0aNOBSmXTEeg==":"beer53-696x696.png","loFy2274zlBNtXUzeIDdYw==":"beer54-696x696.png","qalkHt0SNFUHhJd1jXjimA==":"beer55-696x696.png","LE+ZuHoqhmBlhPJ6TBPpjA==":"6-1-640x640.jpg","M22rJKKw/R1GEXMIEdK1Og==":"fortas-312x376.png","FgMXWn+yUIXKy5JhDnpYpw==":"beer56-696x696.png","OpDjKb6VyeuEMRWsIidzCA==":"beer57-696x696.png","WxuTTRYLJ96P68MsL/M7qg==":"beer58-696x696.png","0JqOGLbJ3cWx7MJgCKZ59g==":"beer59-696x696.png","QaOFb5oKa2JxZwydx6WnYQ==":"beer60-696x696.png","HJ84WNYafL3NRqFrw/a3iw==":"beer61-696x696.png","60RSvsW6Msuyau6ixql2JA==":"5-1-640x640.jpg","ggcV3nnHookqRjEAFdMdhA==":"horn-640x640.jpg","168q8WFW25ZN1LteUzo8rA==":"horn-legend-is-back-280x279.png","278kfLn0lQ/J38EMkx3FeQ==":"beer62-696x696.png","xFQLp4ShE39UbXEDbDwAiw==":"beer63-696x696.png","7PUfMjTpL694kEAlReBmxw==":"beer64-696x696.png","iBzogIT5C2wTm7RYyrdPsA==":"beer65-696x696.png","SGyVYQCz+Wu3OpZ2qRZ9uQ==":"beer66-696x696.png","8NyO6ZFlIOGIWWGu5TBLdg==":"horn2-900x603.jpg","xCi50W5z17wqwO+B2hcXiA==":"fassbrause-280x268.png","rc4JVIC4j1lt/SNhxLPq1Q==":"7-1200x1500.jpg","ncfOAydVNNtcxX9WZVLlhQ==":"beer67-696x696.png","Oo9rfwycxb16Jnfs27s2cA==":"beer68-696x696.png","TlIK4kbWGOkCdeTS69CtGQ==":"beer69-696x696.png","wDThNddJ25fyX8A83hcWGg==":"cider9-1080x1080.png","Y7y/LlyVQoDUWEnkPMY6XA==":"cider10-1080x1080.png","RAcFlrZK49YCwf4s1rDyiw==":"cider11-696x696.png","AL96ViUbL4A2KCFBYeGyVw==":"cider12-1080x1080.png","T5WePTuYgUV6lt/v/pwiFA==":"cider13-1080x1080.png","K4z/x2zLQoanOcpy1Fbpqw==":"cider14-696x696.png","3BBOUnwm2E1x2ARBvhcyiA==":"cider15-696x696.png","+o/trL6SaDErwJn539PmLQ==":"juice-1185x741.jpg","ylA1hM1M0ZZdgSmlwnPjOw==":"juice2-1052x1200.jpg","tvtD/AijEKqdSif7ajfMzA==":"juice4-1016x1280.jpg","t7mUh/0Yl7/29FVyqfcnXA==":"smuuti-640x627.jpg","Ssm9KBu1fz+9FceOkTG8wA==":"vita-1076x1076.jpg","A4hn2P20AkrAZ/P9u0lS7g==":"softdrink19-1080x1080.png","9/mkX0KZ0J6Ou5NUOaoNaQ==":"softdrink20-696x696.png","lyu/jMzMILDeKyZ41qsGzQ==":"fruit_and_juice_main3-2000x987.png","MYxenLzsFrjFCbVKQHgzyQ==":"olvijucie-1024x768.jpg","pYsiUU6xPDTucrS8oiBHuA==":"juice5-1185x790.jpg","6IS01UK/m2cAlDVpV1rVAw==":"hero_raikasmehu_1600x1000-1600x1000.jpg","jTxztA2NTjlJvmwDODi9cg==":"juice%201-696x696.png","5uVbbD6YvGrH9iB5AurKTA==":"juice%202-696x696.png","bhC/gH1c90YfWSAz4a6Lzg==":"juice%203-696x696.png","u1MiNIuQBzymsalcMN6FxA==":"juice-1920x1200.jpg","Ds6tfc4vlX8FMNxa39VcEQ==":"das-schorle-logo-2-493x133.png","srzwwxDOioev3KQkcvGGAw==":"juice%204-696x696.png","YDw3uTuezKq+Sh+J1K8OqQ==":"juice%205-696x696.png","8OV2BS44Cyr8BUqo0VEZig==":"juice3-1920x1280.jpg","hswbWuDAnjUmdxXASrP6sg==":"limpa-logo-389x186.png","329NN2d/k6QBb1zSvRswdg==":"juice%206-696x696.png","mRwUidmkkV4UThdDDyLEBQ==":"juice%207-696x696.png","iXqoPvlhkpbpLmudoGzuHA==":"juice%208-696x696.png","nqT70+zZNaavrHJNMJZwMQ==":"juice%209-696x696.png","4v7auc4N5dT0GKz/JqoNbQ==":"smuuti-1-640x627.jpg","9gxVlQvc70EtDvRjBItLxg==":"juice%2010-696x696.png","0CKS7ia1FmuLOhmuqD5DBA==":"juice%2011-696x696.png","1VE7fZNf7f/whr8G8XoNEA==":"juice%2012-696x696.png","rtKH3EWiZVpHUUamr1rm3A==":"vita-2000x2000.jpg","h6QujG8Edsoa/PLwD1ZgJQ==":"juice%2013-696x696.png","sne/IwNRDXuzBrsHNbWPRA==":"juice%2014-696x696.png","2k/yiq1sAE6SQ3PIow4jNg==":"juice%2015-696x696.png","LCbDOreuFCgYXU9LQKJ7Hw==":"juice%2016-696x696.png","HFaadYeUNSjD6bZJcxBxeQ==":"juice5-1200x800.jpg","yyCiJ4i5sa5Djg7Mb7x2Fw==":"aura-1-280x259.png","VxV6X/Ti1mUVxBW4h/TzMA==":"juice%2017-696x696.png","qJkJ4RlkbKaEOBmoJ1vhZg==":"juice%2018-696x696.png","L3tBy0CXTMH9BgDqdSyiRg==":"juice%2019-696x696.png","lMARtzjDBSy2PQyNM6WbXg==":"juice%2020-696x696.png","LELxH67wM1kbvmdzY4nWuw==":"juice%2021-696x696.png","02UMnzWDfXs3jKaKi6mj9Q==":"softdrink21-1080x1080.png","I3DSQSlg+Nf3yv1XRFZ3rQ==":"kvass-526x596.jpg","Gen9tcLF0J0K1tFXATqnMw==":"kvass-beer-fb-1200x628.png","XJdSpkEE/WRgKUv/LUVWKg==":"smetoni%C5%A0ka-1185x1307.jpg","zwbO6I04+U6vCWJqp0LXmg==":"volfas-engelman-imperial-1185x889.jpg","BnU6SYXcP2IGqvkktQiLGA==":"kvass1-696x696.png","zYwDnnRf/lZUVKxp4XUg3g==":"kvass2-696x696.png","6fUPo5mfy8q+OVjODflMxQ==":"smetoni%C5%A0ka-1306x1440.jpg","GcSAxKx3PLX9N2GcYuKWUw==":"smetoni%C5%A0kalogo-403x224.jpg","9EIKIF4V4D2zkjHCPZjSAA==":"smetoni%C5%A0kalogo2-403x224.png","4/LVYSQEDmw7th3zf9XLWg==":"volfas-engelman-imperial-1600x1200.jpg","mBmM9i21FIHc3yuzbfhlVw==":"imperial-431x343.png","gDi0xyFSdysolLhD3DZQ1A==":"kvass3-696x696.png","C9+7ETOeirv5j3Ss/DObfQ==":"kvass4-696x696.png","gvUTn0OtQ4RlEhRidhHB8w==":"purespirit-735x427.jpg","Pp9iF+LZ0ULMnVF/whNl1w==":"lecoq-721x461.jpg","znIvX9gZhGpNM5svWAopVg==":"long13-1080x1080.png","hMWtx96/5dsbb3trkDCGeg==":"long14-1080x1080.png","lEPKXalPFolVEC0tncxOiw==":"long15-696x696.png","HcixpH1tMHNXxM7bzE7VQg==":"long16-696x696.png","PpKQ2E1vVYfcKQgO7Y/DpQ==":"long17-696x696.png","IvyOJUtkN7/Y8EeR/Jw1XQ==":"long18-696x696.png","DyPV+fXkZAhko2o8xLgtcg==":"long19-696x696.png","3iN4oR9LiD1OT6ydpoVUiA==":"purespirit-1-735x427.jpg","pxveN4HJX0QqM5h5lfFhsQ==":"pure_spirit_logo-436x193.png","lBfIK0c1JbuzyJireTfYzA==":"long20-696x696.png","/cRft9PGGxuDh7Nr8P+QTw==":"long21-696x696.png","B+IM63LVGLxTYYnIJXyLvA==":"long22-696x696.png","0xslT4ilI6ohKqvVDJ1JMw==":"dynamit-1080x1080.jpg","FfN24nVoh4rWRHwm9SGcSw==":"dynamit-1-1080x1080.jpg","VIKG7L/mrdMegzaAGtd52Q==":"dynamit-433x184.png","7SOPhlmaHpXH5fOQdlFF0w==":"energy8-696x696.png","NE+J+NKFlY/TOdGCuzDmmQ==":"energy9-696x696.png","IHegQQGBJxqEP/4YGYnWsg==":"energy10-696x696.png","qUNGJUQySZFuOKnO7BhDlA==":"energy11-696x696.png","C80C1WUluVqOyuxSs2kj+Q==":"energy12-1080x1080.png","M7D12kIx2pRx+/zwfHmA5g==":"beer70-1080x1080.png","jO6b15KMVbWwQD9E9S1lVQ==":"ace%20global%20trade%20gruppe-azel-global%20(1)-493x379.png","cPiAYSlL0VbsBGoek3XYFA==":"bg-1000x615.jpg","30YSfFPqMBgecC6OC9ONjw==":"bg-1024x682.jpg","1qEtwuibfedZ8Zequko+mA==":"3-1-1365x2048.jpg","jcxiNPT0K0vzOsQCTSupMA==":"vita-1393x1393.jpg","z8lH5kbxbH5RnG9i/NA6Hg==":"7-1-1200x1500.jpg","kL/8p8FZijz/V9CSBdHzSg==":"amrita13-750x915.jpg","rgdr4dpMc91Ojc7NyUMslA==":"kaunas-1280x920.jpg","pJLToWB59wyp4w5ontJdrg==":"work-1076x717.jpg","mTz5kmHWKM4BorlKaZUA6A==":"mbr-1920x1280.jpg","S6PefID2qQ7ZbJC105/FvQ==":"mbr-1-1920x1280.jpg","/JQZLvKKB7cc/IMFunJDHg==":"logo-169x109.png","csuSghrT/8FEsWr+taSRUg==":"logo-262x169.png","SRVUL5XVI35sAANlGyA6iQ==":"logo-493x318.png","8ZymYWsTIxdNJAoQhJCVBg==":"beer_a.lecoq1-696x696.png","wz/EgwC2hdmqg6kpNrmTSw==":"beer_a.lecoq2-696x696.png","i0MMqkSxTSwd6Rpho7H6iA==":"beer_a.lecoq3-696x696.png","DxvxShXYqJJwQSxqioMO/w==":"beer_a.lecoq4-696x696.png","rnkTocRmSg4U1f8RbBSGlA==":"beer_a.lecoq5-696x696.png","NujV8Nw9LKR7GWyR1uBy3g==":"beer_a.lecoq6-696x696.png","fNnFEwWcBcOCg7r2E2mKdA==":"beer_a.lecoq7-696x696.png","ramQh2QPEpMgmrHnKPn3Lw==":"beer_a.lecoq8-696x696.png","8MWSyU3VHc+Lsq22Y6GO9g==":"beer_a.lecoq8-1-696x696.png","Aype5KL3dAKFwY3SislQaA==":"beer_a.lecoq7-1-696x696.png","LuHl0seKu1VuZSlGICkVzw==":"beer_a.lecoq6-1-696x696.png","3UtnHv+EvZopFLiz+2gaFg==":"beer_a.lecoq5-1-696x696.png","Wb0JscnFNGn2jUmfwAnH1w==":"beer_a.lecoq4-1-696x696.png","lHBAuRgl6Qr9wrCz0nVesQ==":"beer_a.lecoq3-1-696x696.png","Wh9le/9sSWHZOlTcoQiD+Q==":"beer_a.lecoq2-1-696x696.png","kmQWILjqIseJooIUw9WcMA==":"beer_a.lecoq9-696x696.png","rtExNL+NRnUn9MaT0IuKEg==":"alecoq-2000x1333.jpg","XCaD3j3+8M614AU6kAjNhw==":"alexander_logo-400x260.png","UZiSkiscgHUZtnpYoFd9Mg==":"alexander-1365x768.jpg","AY08F8xskQwOkTg2GoaBVQ==":"alexander1-696x696.png","7RR+8Qbszi/ch8uL5zXbjw==":"alexander2-696x696.png","SQkTnqiwuD0/urrs7jAX8A==":"alexander3-696x696.png","VuNfr0nC50mzJZM3Gvdspw==":"logo-262x193.png","auLbNcbAKPNhHNyzLdOi1A==":"2-1-1080x1351.jpg","qiAK5H7TuNjBinJLAhrsUg==":"alecoq-1154x769.jpg","uqGCTJebDt3bm7bWz6KKOQ==":"alecoq-1185x790.jpg","juO5U406xYWhRx3urobv9A==":"beer1-1-696x696.png","6EdqpS7letk44tKfkA133Q==":"beer2-1-696x696.png","Q1fvKICd0jOqsB/hzcc17g==":"beer3-1-696x696.png","hoZnCDCrYPCc/8NUXXkhiw==":"beer_a.lecoq10-696x696.png","gC4eJG5LAUG/I92+mMGGdA==":"beer_a.lecoq11-696x696.png","ByLhTd9mlXOE8dhou3/Big==":"beer_a.lecoq12-696x696.png","AZrFcR02JGc2GPhFc5jm3w==":"volfas-1080x1080.png","v1JfMc+lNXiq8ooVIg0Vfg==":"volfas2-1080x1080.png","nh5A+F1SpOd6zi3DUvOhhg==":"volfas3-696x696.png","AI0EDq3wOpxaXbX2BJ1UFw==":"volfas4-696x696.png","ChbTjQxxRP4Y9QJKwbRpWg==":"volfas5-696x696.png","L4ywc/6I9R8rXZxGGFnO6w==":"volfas6-696x696.png","iaTXoC3EYQNLQvdGS9GmEQ==":"volfas7-696x696.png","jGFGvg12M6D6VcB8kXU4gg==":"volfas8-696x696.png","hb+6V+B/Wst7hUAHSctxyg==":"logo-493x363.png","5h4Vk5phOAjqgyJVk6QqTQ==":"cocktail-2000x1333.jpg","dgHpwDXrkuOjlXjOaU+r5w==":"johan%20freitag-1185x790.jpg","BfAO2o/CqIDTstAPLZBszw==":"le%20coq-1185x667.jpg","MVztX83bctALCBNzuu8XLQ==":"coq_tail1-696x696.png","+DVaYkZ+PlaOaUPjUCl/6A==":"coq_tail2-696x696.png","KhHErrs5uUwlIjrELIWTRQ==":"coq_tail3-696x696.png","u26MP1XzsLMiQOMlLGWR6Q==":"coq_tail4-696x696.png","FvdHKkloIEZG23vCzdiwiA==":"coq_tail5-696x696.png","xKUpncDiIeJRerCTfY33rg==":"coq_tail6-696x696.png","JEcCEhVuOW/HmRHdeO6ERA==":"coq_tail7-696x696.png","t0FuWgAZDWfFaFHF9yp6vA==":"coq_tail8-696x696.png","k1XhPSn4mJe2FMepERGMaQ==":"coq_tail9-696x696.png","2JCViWiWzPuFyuu+mF0erA==":"freitag_logo-493x307.png","KHBU+rQtFVvdTK4GoE/MAg==":"johan%20freitag-2000x1334.jpg","sFIK9nLppnPpzWni2ygsFA==":"johan_cocktail1-357x357.png","tPUxP/4C6Ua7MGSKfTdUcg==":"johan_cocktail1-403x403.png","Q4lS+CQWjsv0EMpAaKq/cQ==":"johan_cocktail1-1076x1076.png","iCiUFK22f3Dcr/OYpw7TFg==":"johan_cocktail2-1076x1076.png","Ytr90rIt0uqxXVD/Qu4Keg==":"johan%20freitag2-1080x1080.jpg","GFT+MYoL7d4FYyX+FXdG0g==":"gn-1000x1000.jpg","padYQI95+odoC3JPPWtVnw==":"johan%20freitag2-1080x1080.jpg","bSX5H9814JKGI6qAnYBRuQ==":"johan_long-1076x1076.png","iCWJLveJr9i8zaUc5Np7qg==":"johan_long2-1076x1076.png","dXfsO70W9umVthpcDzpVZg==":"gn2-1920x1080.jpg","KwACGKyRGbJ35Qytl9W43w==":"gn1-696x696.png","uKU8FlIfMSf+72rFGRi5tg==":"gn2-696x696.png","SdHC3jXtLcmeUajnSJAN9Q==":"gn3-696x696.png","qMql5d8ENF7A0QkvYl6J1w==":"hoggy%E2%80%99s-1185x889.jpg","rt1+27z5hwTehQKa8MXOzA==":"hoggy%E2%80%99s-1440x1080.jpg","r3w/pfhMYyKY6mOBCjXX8A==":"hoggy1-696x696.png","X6srJ7SeTRfrTxHa/k1rxA==":"hoggy2-696x696.png","1LoZiS46wZgHQIH57maiyw==":"hoggy3-696x696.png","JDOby52kzQDJtzuLLzCWeQ==":"hoggys_logo-421x441.png","hP5xbciHzRitK1XYex12Pw==":"hoggy%E2%80%99s2-1185x667.jpg","2s459lfpTZ2vP1HKKi7BKg==":"sherwood1-696x696.png","3SdMxz6jSjmiFXZD/bTRWQ==":"sherwood2-696x696.png","u3FMSOw3sGXuHET2TV3lTQ==":"sherwood3-696x696.png","aay5AGtHo5Kgg0bcQDsR1Q==":"fizz1-696x696.png","GSFRRLzErCoT7hlb9ARe7A==":"fizz2-696x696.png","ivShGSPC+KW8pRVwdtTa1w==":"fizz3-696x696.png","zVYeqRTg7OGjgTHIuwfFXA==":"fizz4-696x696.png","zVs+ifFNWGJqs9Sv/pu0WA==":"fizz-650x650.jpg","ejCeIdIk60GXFthVHwsIHg==":"fizz-770x335.jpg","bylYNs8kcXrx305RbKJlYA==":"hoggy%E2%80%99s2-1920x1080.jpg","iAhQ7QPhnPQt1XZd7ylB8Q==":"hoggycider1-696x696.png","2xS0qWpEsAEADSX8XeOqng==":"hoggycider2-696x696.png","2tLbPAGDhbRCgFGS6ZWA6A==":"hoggycider3-696x696.png","lTlMNkerIDNy3Hf9u0vohw==":"hoggycider4-696x696.png","P2P/j8WLN44r/tRoRJ9lCw==":"hoggycider5-696x696.png","8yjAXt4cFlcFCgZOPg6Pow==":"vinitto-1500x1000.jpg","Y/ZLFpjgbXF/hEbRcNjofA==":"vinitto_h230px-226x230.png","l94hUI86XNsq+ZP0DDW9WQ==":"vinitto1-696x696.png","a6N6PWhQ9AtVeLQzegOUlQ==":"vinitto2-696x696.png","FpJI5ixTfe7O0OAz5G8WZQ==":"johan%20freitag3-1080x1080.jpg","BBW4d1ZC5wkL4/+b1SQIDg==":"johan_strong1-696x696.png","c8IdMMLp4UaKmAOw6uMOTA==":"johan_strong2-696x696.png","4v/CdDHjkLWLaP8bFpgQ6A==":"beer_a.lecoq13-696x696.png","r/zmcQAItoCNwMNKR4y/JQ==":"%C3%98rn%20craft_tonic1-696x696.png","Be5y8qUGPBC4IMCZOpg0pg==":"%C3%98rn%20craft_tonic2-696x696.png","ecMl4Av9r5qP9oF3wQ1nEw==":"%C3%98rn%20craft_tonic3-696x696.png","iSDn11E+1Gf+Ksshzvvovg==":"%C3%98rn%20craft_tonic4-696x696.png","npRDe5tXBSoQXr/Sa3uZTw==":"%C3%98rn%20craft-2000x733.jpg","JjlkneedeRlf7iH6ZhD58w==":"orn.svg","RTPn06MD64KIqYuF2moyCg==":"kanes1-696x696.png","7PwlKFMxNpFNYta9VyBpLA==":"kanes2-696x696.png","+wr0fjQbMB+cJgI/22NtLQ==":"kanes3-696x696.png","5WCC5H/gBbuW/bhZ9fH5sg==":"kanes4-696x696.png","2zVciZmKeDDwegs+I7PSKA==":"aura1-696x696.png","liZFD2Ndi+UnzSkLBvGsvg==":"aura2-696x696.png","depQc2bWf31Na2WcemEsVQ==":"aura3-696x696.png","FZx49lMKGgL3VihcFxCoCA==":"aura4-696x696.png","7RW85F9tHdF0UbUYwnkViw==":"aura5-696x696.png","gu3JnVRP8QEfXcbEl07ukA==":"aura6-1080x1080.png","gVGgfDmcw3O/L9007B6Olg==":"aura7-696x696.png","0fA+gzk1SEn34WW0+wfhKw==":"aura8-696x696.png","Ys1NbcGbfXi0hKD6I8Of8g==":"aura9-696x696.png","VvCABxJ6zlK6xc8GpFwONw==":"aura10-696x696.png","oaHtchRI/MHyFpUUxTxEAQ==":"aura11-696x696.png","2YW6sI4mEdqCr9Dkf0RALQ==":"aura12-696x696.png","4586ioPSXyyDGSJlpQwquQ==":"aura13-696x696.png","qc0re2Gdj06lE/iE+04gVg==":"aura14-696x696.png","KQa5L98Ob3eqP54rh0fXIA==":"aura15-696x696.png","VR5WfD1Dh7DZVeFsA3P51g==":"aura16-696x696.png","iz6JXzpR+fytI8sqTtPVgA==":"aura17-696x696.png","o2hLohx2e9duxvQw7/5gGw==":"aura18-696x696.png","Wolf7pMmJtTE/2kMqc+Cww==":"aura19-696x696.png","m3tqbp2eWpy60/TU8vtqGA==":"aura20-696x696.png","ODn6vYht/6J4oiB6lQI8zw==":"aura21-696x696.png","NPWbRVKoplRz6GfTF7wVXQ==":"aura22-696x696.png","SbNhfUyrTVmvBoHae++VYQ==":"aura22-1-696x696.png","+FJKBd5T68YSOOxgH51zFQ==":"logo-543x400.png","53rTvce+h344itEu6nnZ2g==":"%C3%98rn%20craft-1187x435.jpg","SLVNVwSN0CwCUKStZIIiew==":"%C3%98rn%20craft_tonic5-1080x1080.png","mhYssJ3NJJGVAIo1PLUeHA==":"%C3%98rn%20craft_tonic6-1080x1080.png","hqPgI/PJyIByQqZli6gacQ==":"le%20coq2-640x640.jpg","5K+vGr7mfM3U+RRdc/hC5A==":"le%20coq2-640x640.jpeg","zqFzUXrw2jNlvR6cHc5oKw==":"raspberry%20ale-900x1600.jpg","J8LDT34LXaDRWKSbnpw4RA==":"raspberry%20ale-900x1600.jpeg","2Nm717HbwsdjfzjWUfnIZg==":"alc-logo-taustata-mv-1-400x277.png","Y4im6ipkBLaSZdfPRaVKQg==":"ale1-696x696.png","tA85crFskHz6xCLHZHORfA==":"ale2-696x696.png","R3ZdbeJmS0GK6B5t1Gx71Q==":"ale3-696x696.png","3+2Y5kX2coPxUdd/axxPhg==":"santanos-1200x675.jpg","IDRu0UjJWSW8acrhY6cIHQ==":"santanoslog-111x90.png","DYHZ/EUzeQJDaipHGMxQ3A==":"santanos-1280x720.jpg","8nuMt8IG092d/gqPSHx9uQ==":"santanos1-696x696.png","6XAp8lVuDlh+xUecVBvboQ==":"santanos2-696x696.png","WLk59OxZiEJcASFa81dDhw==":"santanos3-696x696.png","bXYwwTXDnB67XnPgayL/CQ==":"warsteiner1-1080x1080.jpg","EPoXNkg1L8GxpDCTyl8jhA==":"warsteinerlogo-493x493.jpg","1lsCmEFRyUnMSxJ/+i/b6w==":"warsteinerlogo1-493x493.png","oOsCy9vxJENg+ofYb61rqw==":"warsteiner1-696x696.png","F84SmXGlT9q95dbmGcUX5g==":"warsteiner2-696x696.png","pTzUQkJvnlhCGSKimME1qA==":"warsteiner3-696x696.png","KX3tiHHEUZ4l5TMZnSOAGg==":"alexander-1187x668.jpg","7CfQ1LlvwjdECdHDl9Nqyg==":"warsteiner1-1-1080x1080.jpg","RjWulWOFAlesOzrcpKOZAA==":"santanos-1187x668.jpg","1LjTbq/0I3kY5azGDHezMg==":"johan%20freitag3-1080x1080.jpg","hwPBAyJzPuMPVPr2+UbJ5g==":"hoggy%E2%80%99s-1219x914.jpg","qfbFbhOEt+6skWILXLdMmw==":"alecoq-1219x812.jpg","SyoXCm49+tRtIIUZNJ9doQ==":"untitled-1-1080x1080.jpg","VxokYtBAp3//3P08FPzd6g==":"logo-337x337.png","Xoz7iujGRQO2QZsx2d/pWg==":"logo-506x506.png","Ggh10dz3O30qMtV0lIR68w==":"logo-1-506x506.png","OTjpYIMoPQN7SIHl25zICA==":"vinitto-1076x717.jpg","3r8XxlFxPuuAI1Bljlhuhg==":"hoggy%E2%80%99s2-1076x605.jpg","F11+RID4H19rXuSIuE8HlA==":"johan%20freitag-1076x718.jpg","uc/Qb40B1W4oXIRYeo7JcA==":"azel%20global%20png%20(1)-493x339.png","a2rr7l0piixhQljYWJ9kSg==":"mbr-1920x1101.jpg","ilZ6ZYF3ZjDHGhRdRWe7cA==":"bg-2000x1334.jpg","5tpA7YZn7dZwlq4m/9pCgw==":"beer4-1080x1080.png","FhzVBKlfmimeJnXgAGpPmA==":"azel%20global%20png%20(1)-230x158.png","nOCg0Ur/bnegPLApVNF5Uw==":"logo-2-506x506.png","OElmmxpvgi+60Mpt2NtI9g==":"ageuropa-302x207.png","2JVsewgy6wetfHlT2UYsew==":"logo-116x86.png","nxp02DvsSy9Rt06Gb532mA==":"ageuropa-658x452.png","g7tEWA20nhfYXia8+ubPnA==":"logo-506x373.png","ETttNjZa4ek7idwNzyU0DA==":"brewery-22394_4b91e_hd-240x204.png","vjrRfGqqOV5FlYVh6gwTYA==":"images-225x225.png","Gt4Bq4gomJBtTpdDEHtQhw==":"beer-745853_de19a_hd-240x248.jpg","mKIoCGfem0k5s7MShyyt2A==":"logo_olvi-240x240.png","MtoIeWgDSPXWTfY85+qz2g==":"300px-svyturys_logo-240x164.jpg","T3tW8aYFxfVBonIXc7Y8KA==":"amrita%20logo-240x240.png","i84JtBuJ4XGyZgy/if/EgA==":"montana%20logo-240x240.png","qnQMIyJXpcovrqc7MGrJKQ==":"azellogo-506x506.png","WSpY5skHy+Tsn4hXIMyOMA==":"mbr-1920x1080.jpg","zrdDk+leExfVdwN9x4Lp1w==":"volfas9-696x696.png","oHB2v/aB92X3LTBqKYUJcg==":"volfas10-696x696.png","gfmUC7J7wn7hr3TYjWs0aA==":"volfas11-696x696.png","qyYXsJPmkHkpvjaOuxmHBA==":"volfas12-1080x1080.png","8O1uBeqe+Fc59I2fUzXm/Q==":"volfas13-696x696.png","Ooz9LhLiccvBNxjgZm0lNQ==":"volfas14-696x696.png","MWUh5uo9sbebIvWYj2Uo9A==":"volfas15-696x696.png","yXjP2KQVAlh+v0aFylGj5Q==":"volfas16-696x696.png","d86LtTUpTWgxO3Iu3/VCkA==":"volfas17-696x696.png","o7F1E3fsBCnasM797xVMLQ==":"volfas18-696x696.png","ZftlokW3f5YqtadoGDKXsg==":"horn-1-640x640.jpg","6nXd5F8+OzqkrhIZQx1+tg==":"horn-2-640x640.jpg","OpdExgPVhfLJua7cZfKXZA==":"horn-legend-is-back-1-280x279.png","Vvast9WA6nP1+5Mb4RUzww==":"horn2-696x696.png","ckGBEL/P8lGmlT/WxFg/fg==":"horn3-696x696.png","kzIN/J1myT+tpjFAPhF8+Q==":"horn4-696x696.png","gaA0XP558RCalRnlui0TvQ==":"horn5-696x696.png","Jle5zowkBwTV2L+WVs3Eog==":"horn1-696x696.png","e7t5Y0Z9HOo+I3+2AQt/nA==":"beer_a.lecoq14-696x696.png","I87/EP9+18tx4KQJ7X67Rw==":"beer_a.lecoq15-696x696.png","PqJ3+eqS4X+KGHtQECe+BQ==":"beer_a.lecoq16-696x696.png","coFJhmsGhIZxIQ+tkkJvug==":"beer_a.lecoq17-696x696.png","tB/KH6o4HLwwyf82/DclLw==":"beer_a.lecoq5-2-696x696.png","1S8JX4OUUlhteLuCMe3Qiw==":"beer_a.lecoq18-696x696.png","EfJdBzOuSR5ioF7Lq/emSA==":"amrits-1076x1076.png","5Q8UlsvXyhxFGZaheefAvg==":"amrits2-1076x1076.png","f9/vHg0UJCW5HkF3s+mcgA==":"alexander4-696x696.png","9AvpqTpb4Oh6u6vO+hYM2A==":"alexander3-1-696x696.png","aH/yvuPLzPYiAfwk+osppw==":"mbr-1920x1920.jpg","7hAy2NrpiSxzqcL5g+vPcQ==":"mbr-1920x1445.jpg","mNtl5vW1gWbxt+DwGXkCag==":"nordic-493x493.png","YnXURKzRTWZ93WRdxB9tuw==":"nordic1-1024x995.jpg","iJD4ZYHjg/2Cnf103lqagg==":"nordic2-1024x996.jpg"}